{"X": 204.08694080922027, "Y": 211.45712012020977}